{"cameraMode":{"drawMode":0,"name":"Shaded","section":"Shading Mode"},"sceneLighting":false,"audioPlay":false,"sceneViewState":{"m_AlwaysRefresh":false,"showFog":true,"showSkybox":false,"showFlares":true,"showImageEffects":true,"showParticleSystems":true,"showVisualEffectGraphs":true,"m_FxEnabled":true},"in2DMode":false,"pivot":{"x":19.817476272583009,"y":0.7782015800476074,"z":10.516640663146973},"rotation":{"x":-0.000029964787245262414,"y":-0.9988552927970886,"z":0.048292193561792377,"w":-0.0008928666356950998},"size":1.0954006910324097,"orthographic":false}